Supplier,Name 1,Unique_Invoices,Exception_Events,Avg_Exc_Per_Inv,Cumulative_Events,Cumulative_Pct
51004581,THOMPSONS WELDING SERVICES INC,649,1462,2.25,1462,5.05
51004553,MOTION INDUSTRIES INC,436,1029,2.36,2491,8.6
51004749,APACHE INDUSTRIAL SERVICES INC,338,768,2.27,3259,11.25
51003926,MSC INDUSTRIAL SUPPLY CO INC,239,739,3.09,3998,13.81
51004029,PPG INDUSTRIES INC,368,684,1.86,4682,16.17
51004873,EVANS PLUMBING AND AC INC,215,621,2.89,5303,18.31
51004601,"MEWCO, INC",305,613,2.01,5916,20.43
51004490,COLUMBUS RUBBER & GASKET CO INC,277,575,2.08,6491,22.41
51003880,HYDRO-VAC INDUSTRIAL SERVICES INC,131,476,3.63,6967,24.06
51004610,CARMEUSE LIME AND STONE INC,372,445,1.2,7412,25.59
51004841,SOUTHERN SYNERGY INC,265,437,1.65,7849,27.1
51004906,GLENN MACHINE WORKS INC,138,394,2.86,8243,28.46
51004788,IQUISA INC.,165,371,2.25,8614,29.74
51004881,"WEATHERS ELECTRIC, INC.",108,346,3.2,8960,30.94
51004603,MORIN PROCESS EQUIPMENT,120,344,2.87,9304,32.13
51004809,FISHER SCIENTIFIC COMPANY LLC,85,338,3.98,9642,33.29
51004882,WISE STAFFING SERVICES INC,117,332,2.84,9974,34.44
51004329,UNITED RENTALS (NORTH AMERICA) INC,80,291,3.64,10265,35.45
51004878,SCOTT & SONS CONSTRUCTION & MECHANI,137,287,2.09,10552,36.44
51004317,MOODY PRICE LLC,105,273,2.6,10825,37.38
51004569,MARATHON PETROLEUM COMPANY LP,110,257,2.34,11082,38.27
51004941,ACCEL LLC,93,254,2.73,11336,39.14
51003907,LHOIST NORTH AMERICA OF ALABAMA,175,241,1.38,11577,39.98
51004671,SOUTHERN INDUSTRIAL SUPPLY LLC,75,230,3.07,11807,40.77
51004533,CENTRO INC,88,224,2.55,12031,41.54
51004305,YAZOO RIVER TOWING INC,88,218,2.48,12249,42.3
51004495,HARCROS CHEMICALS INC,116,217,1.87,12466,43.05
51003931,GULF COAST MARINE SUPPLY CO INC,92,214,2.33,12680,43.78
51004484,OLIN CORP - CHLOR ALKALI,88,214,2.43,12894,44.52
51004506,S AND J TRANSFER AND STORAGE LTD,71,206,2.9,13100,45.23
51004760,WESTLAKE CHEMICALS & VINYLS LLC,80,189,2.36,13289,45.89
51004598,AIRGAS CARBONICS INC,103,187,1.82,13476,46.53
51004875,NESCO LLC,60,182,3.03,13658,47.16
51002585,AMERICAN CONTROLS TECHNOLOGY INC,78,180,2.31,13838,47.78
51006056,WOODALL ELECTRIC INC.,41,178,4.34,14016,48.4
51004874,LIONSQUARE EQUIPMENT INC.,58,176,3.03,14192,49.01
51004087,UNIFIRST HOLDINGS LP,55,176,3.2,14368,49.61
51004071,NORFALCO LLC,72,175,2.43,14543,50.22
51004665,WWWEX FRANCHISE HOLDINGS LLC,65,165,2.54,14708,50.79
51004296,WASTE AWAY GROUP INC,72,165,2.29,14873,51.36
51004642,MCCRARY-WEST CONSTRUCTION CO INC,55,164,2.98,15037,51.92
51004872,BESTWADE PETROLEUM INC,73,158,2.16,15195,52.47
51004926,CHOCTAW RAILS,31,157,5.06,15352,53.01
51004517,PQ LLC,54,154,2.85,15506,53.54
51004477,MICROSOFT CORP,31,153,4.94,15659,54.07
51004762,MRC GLOBAL (US) INC.,72,151,2.1,15810,54.59
51004734,"PREMIER EYE CARE, PLLC",50,151,3.02,15961,55.11
51003970,FEDEX FREIGHT EAST,62,144,2.32,16105,55.61
51003946,THE EOSYS GROUP INC,66,141,2.14,16246,56.1
51004011,THOMPSON MACHINERY,72,134,1.86,16380,56.56
51003959,FASTENAL CO,89,134,1.51,16514,57.02
51004547,ITT GOULDS PUMPS INC,54,134,2.48,16648,57.49
51004663,EMERSON LLLP,55,132,2.4,16780,57.94
51003616,POWER AND RUBBER SUPPLY INC,32,130,4.06,16910,58.39
51004625,"DAYFORCE US, INC.",27,130,4.81,17040,58.84
51004062,TENN-TOM PALLET CO INC,106,126,1.19,17166,59.27
51004519,PRECISION MEASUREMENTS INC,52,126,2.42,17292,59.71
51004510,AUTOMOTIVE RENTALS INC,29,122,4.21,17414,60.13
51004546,MOSAIC PERSONNEL SOLUTIONS INC,36,122,3.39,17536,60.55
51004670,ABERDEEN MACHINE WORKS INC,68,122,1.79,17658,60.97
51003432,MEDITERRANEAN SHIPPING CO,17,119,7.0,17777,61.38
51004156,FIS DATA SYSTEMS INC (F/K/A SUNGARD,21,115,5.48,17892,61.78
51004770,"CRAWFORD ELECTRIC SUPPLY CO., INC.",59,114,1.93,18006,62.18
51004316,PALMETTO INDUSTRIES INTERNATIONAL,30,113,3.77,18119,62.57
51004929,MI LLC,44,109,2.48,18228,62.94
51004632,LYNN WHITSETT CORP,36,109,3.03,18337,63.32
51004045,SUNBELT RENTALS INC,28,105,3.75,18442,63.68
51002830,BLOOMBERG LP,15,105,7.0,18547,64.04
51004780,FOX SCIENTIFIC,33,103,3.12,18650,64.4
51004843,THERMAL CONTROL INC,60,102,1.7,18752,64.75
51003878,BARNHART PLANT SERVICES LLC,39,101,2.59,18853,65.1
51005058,MCMASTER-CARR SUPPLY COMPANY,31,100,3.23,18953,65.45
51004469,FEDERAL EXPRESS CORP,45,99,2.2,19052,65.79
51004533,CENTRO,48,99,2.06,19151,66.13
51003904,SECURITAS SECURITY SERVICES USA,22,98,4.45,19249,66.47
51004611,ZOOK ENTERPRISES LLC,34,96,2.82,19345,66.8
51003883,SYSTEM SCALE CORPORATION,34,95,2.79,19440,67.13
51002674,INTERPLX INC,19,94,4.95,19534,67.45
51005028,BURFORD ELECTRIC SERVICE INC,40,90,2.25,19624,67.76
51003935,LAVENDER INC,52,89,1.71,19713,68.07
51004578,"SAP AMERICA, INC.",24,88,3.67,19801,68.37
51004416,UPS GROUND FREIGHT INC,33,85,2.58,19886,68.67
51004600,ABTREX INDUSTRIES INC,31,84,2.71,19970,68.96
51004479,BBP SALES LLC,18,84,4.67,20054,69.25
51003901,R3L ENGINEERING,12,83,6.92,20137,69.53
51004829,"WISSEN CONSULTING, LLC",28,82,2.93,20219,69.82
51004640,MARSPEC TECHNICAL PRODUCTS,30,82,2.73,20301,70.1
51004682,SCHNEIDER ELECTRIC SYSTEMS USA INC,32,79,2.47,20380,70.37
51003942,ALLEN ENGINEERING AND SCIENCE INC,22,79,3.59,20459,70.65
51004769,IC CONSULT US CORP,10,79,7.9,20538,70.92
51004050,MATTOX FEED MILL INC,52,73,1.4,20611,71.17
51005046,SWIFT PAN AMERICAS INC,10,72,7.2,20683,71.42
51004199,LINDLER FRIED GROUP INC,15,71,4.73,20754,71.66
51004636,THE G C BROACH CO,11,69,6.27,20823,71.9
51005067,HCL TECHNOLOGIES CORPORATE SERVICES,21,68,3.24,20891,72.14
51005092,COLLABORIT ENTERPRISE ASSET MANAGEM,19,67,3.53,20958,72.37
51002818,HOLLAND MANUFACTURING CORP.,17,67,3.94,21025,72.6
51004528,ENDRESS & HAUSER INC,18,67,3.72,21092,72.83
51004927,GOBOX LLC,24,65,2.71,21157,73.06
51005163,FLOWMASTER INC.,22,63,2.86,21220,73.27
51004672,"HINTON LUMBER PRODUCTS, INC.",46,62,1.35,21282,73.49
51004591,RELEVANT INDUSTRIAL LLC,23,61,2.65,21343,73.7
51004669,GULF COAST SAND LLC,38,61,1.61,21404,73.91
51004271,OREILLY AUTOMOTIVE STORES INC,5,60,12.0,21464,74.12
51004680,DRAEGER INC,17,60,3.53,21524,74.32
51003934,LANXESS CORP,22,60,2.73,21584,74.53
51003973,BW PACKAGING SYSTEMS INC,20,59,2.95,21643,74.73
51003422,TERN SOLUTIONS PTY LIMITED,12,59,4.92,21702,74.94
51003928,ALLMOND PRINTING CO INC,21,59,2.81,21761,75.14
51006140,MSC MEDITERRANEAN SHIPPING COMPANY,15,58,3.87,21819,75.34
51003882,PALMER COMPANIES LLC,19,58,3.05,21877,75.54
51003929,DERRICK CORPORATION,23,57,2.48,21934,75.74
51004886,INDUSTRIAL PARTS SPECIALTIES LLC,21,57,2.71,21991,75.94
51004645,CONSOLIDATED PIPE & SUPPLY CO,9,56,6.22,22047,76.13
51004247,FUSE3 SOLUTIONS LLC,23,56,2.43,22103,76.32
51003937,NEXAIR LLC,19,55,2.89,22158,76.51
51004711,MICHAEL F ROELING INC,22,54,2.45,22212,76.7
51004876,PARTCO LLC,23,54,2.35,22266,76.89
51003976,SHIPMENT TRACKERS INC,8,54,6.75,22320,77.07
51004936,JAMES A. COKER JR,15,53,3.53,22373,77.25
51004624,SEALING SPECIALISTS INC,17,52,3.06,22425,77.43
51005122,FLSMIDTH USA INC TUCSON OPERATION,16,51,3.19,22476,77.61
51003952,PICKETT INDUSTRIES LLC,18,50,2.78,22526,77.78
51004550,COATEX INC,16,50,3.12,22576,77.96
51004518,ROCKWELL AUTOMATION INC,15,49,3.27,22625,78.12
51004851,HOOD PACKAGING CORPORATION,16,49,3.06,22674,78.29
51004681,EMERY OLEOCHEMICALS LLC,21,49,2.33,22723,78.46
51004263,LABORCHEX INC,8,49,6.12,22772,78.63
51004527,NALCO COMPANY,18,49,2.72,22821,78.8
51004368,CITY OF AMORY MISSISSIPPI,12,49,4.08,22870,78.97
51004233,MORIN REPAIR SERVICES LLC,12,48,4.0,22918,79.14
51004739,MCCONNELL SALES & ENGINEERING CORP,10,47,4.7,22965,79.3
51004728,OPTIV SECURITY INC,17,47,2.76,23012,79.46
51004513,UNIVAR SOLUTIONS USA,16,47,2.94,23059,79.62
51004871,AWC INC,17,46,2.71,23105,79.78
51004641,POWER EQUIPMENT CO,24,46,1.92,23151,79.94
51004664,DAIOHS USA INC,25,46,1.84,23197,80.1
51002859,"TRI-STATE VALVE, LLC",20,46,2.3,23243,80.26
51003871,"LIBERTY ELECTRIC OF NETTLETON, MS L",7,45,6.43,23288,80.41
51004530,JAPIT INC,16,45,2.81,23333,80.57
51004016,MOLLMANS WATER CONDITIONING INC,22,44,2.0,23377,80.72
51003902,RAIN FOR RENT,8,44,5.5,23421,80.87
51004042,INDUSTRIAL WELDING & TOOL SUPPLY,22,44,2.0,23465,81.03
51004877,PRECISION COMMUNICATIONS INC,18,43,2.39,23508,81.17
51004187,YKRS VENTURES LLC,16,43,2.69,23551,81.32
51004186,UNIFORM STORE LLC,33,43,1.3,23594,81.47
51002856,PLANVIEW INC,9,43,4.78,23637,81.62
51005054,GRASIM INDUSTRIES LTD,16,41,2.56,23678,81.76
51004129,PIEDMONT NATIONAL CORPORATION,15,41,2.73,23719,81.9
51003941,VALLEN DISTRIBUTION INC,19,41,2.16,23760,82.04
51004845,KALENBORN ABRESIST CORP,16,40,2.5,23800,82.18
51004118,NETJETS AVIATION INC,17,40,2.35,23840,82.32
51004210,MCKESSON MEDICAL SURGICAL INC,14,40,2.86,23880,82.46
51003933,IDEAL CHEMICAL & SUPPLY CO,18,40,2.22,23920,82.6
51004674,MECS INC,22,39,1.77,23959,82.73
51003893,JM TEST SYSTEMS LLC,6,39,6.5,23998,82.87
51004934,MICRONICS ENGINEERED FILTRATION GRO,16,39,2.44,24037,83.0
51004810,ZSCHIMMER & SCHWARZ INC US DIVISION,22,38,1.73,24075,83.13
51004651,HAYWARD TYLER INC,11,38,3.45,24113,83.26
51003936,MCCULLOUGH SPECIALTY PRODUCTS &,11,37,3.36,24150,83.39
51003359,OXBOW CALCINING INTERNATIONAL,31,36,1.16,24186,83.52
51004326,MELINDA REEVES,13,36,2.77,24222,83.64
51004327,OSECO INC,11,36,3.27,24258,83.76
51004018,SAFETY-KLEEN SYSTEMS INC,11,36,3.27,24294,83.89
51003930,GEORGE R DOUGLAS & ASSOCIATES LLC,10,36,3.6,24330,84.01
51004025,INDUSTRIAL SCIENTIFIC CORP,18,36,2.0,24366,84.14
51004643,ADVANCION CORPORATION,10,36,3.6,24402,84.26
51004815,INCEED LLC,23,36,1.57,24438,84.39
51001150,FTT UNIT TRUST,7,35,5.0,24473,84.51
51004192,SUMMIT HOLDING INC,9,35,3.89,24508,84.63
51004001,SUBURBAN PROPANE LP,5,34,6.8,24542,84.74
51005091,PALLET ONE OF ALABAMA LLC,13,34,2.62,24576,84.86
51004044,ROYALTY PRODUCTS INC,10,34,3.4,24610,84.98
51005113,"BEIJING SEE CONSULTING SERVICE CO.,",5,34,6.8,24644,85.1
51003974,CDW DIRECT LLC,5,33,6.6,24677,85.21
51003939,PUCKETT- MCGEE ELECTRIC SUPPLY CO,15,33,2.2,24710,85.32
51005014,DAYFORCE CANADA LTD.,11,33,3.0,24743,85.44
51004038,MONROE COUNTY COOPERATIVE,9,33,3.67,24776,85.55
51004231,8X8 INC,9,33,3.67,24809,85.67
51004901,CENTRAL ALABAMA TRAINING SOLUTIONS,8,33,4.12,24842,85.78
51003922,OPEN TEXT CORP,9,32,3.56,24874,85.89
51003898,MID SOUTH WATER LLC,15,31,2.07,24905,86.0
51004353,KPMG (NL),6,31,5.17,24936,86.1
51004015,UNI TECH ENGINEERING SALES CO INC,9,31,3.44,24967,86.21
51004474,SAFENAMES LTD,11,30,2.73,24997,86.32
51004559,AMAZON WEB SERVICES INC,12,30,2.5,25027,86.42
51004099,THOR SPECIALTIES INC,13,30,2.31,25057,86.52
51004106,FLSMIDTH SALT LAKE CITY INC,10,30,3.0,25087,86.63
51004024,SHICK SOLUTIONS INC,5,30,6.0,25117,86.73
51004487,SOUTHERN HEAT EXCHANGER CORP,15,29,1.93,25146,86.83
51004744,ALLIED SEALS INTERNATIONAL INC,10,29,2.9,25175,86.93
51004485,SPHERA SOLUTIONS INC,12,29,2.42,25204,87.03
51004003,POWELL FABRICATION & MFG INC,8,28,3.5,25232,87.13
51004376,JACKSON MECHANICAL SERVICE INC.,14,28,2.0,25260,87.22
51006046,IWL SOLUTIONS LLC,6,28,4.67,25288,87.32
51004826,SCIRISQ,1,28,28.0,25316,87.42
51004480,SPX FLOW INC,9,28,3.11,25344,87.51
51004712,"DATABANK IMX, LLC",3,28,9.33,25372,87.61
51004774,"PED SERVICES, LLC",14,28,2.0,25400,87.71
51004765,MISSISSIPPI PEANUT SUPPLY & EQUIPME,10,27,2.7,25427,87.8
51004006,LEHIGH OUTFITTERS LLC,18,27,1.5,25454,87.89
51004624,"SEALING SPECIALISTS, INC.",11,27,2.45,25481,87.99
51004902,"IRONCLAD ENVIRONMENTAL SOLUTIONS, I",5,27,5.4,25508,88.08
51004785,DYURI SOLUTIONS LLC,16,27,1.69,25535,88.17
51004027,LUCKETT PUMP & WELL SERVICE INC,11,26,2.36,25561,88.26
51004074,CINTAS CORPORATION,10,26,2.6,25587,88.35
51004010,TENNESSEE REAGENTS INC,9,26,2.89,25613,88.44
51004992,FACTSET RESEARCH SYSTEMS INC,11,26,2.36,25639,88.53
51004568,TERACO DATA ENVIRONMENT PTY LTD,9,26,2.89,25665,88.62
51004486,DELL MARKETING LP,3,25,8.33,25690,88.71
51004121,PBM/CMSI OF CONNECTICUT LLC,14,25,1.79,25715,88.79
51004536,VOIGT-ABERNATHY SALES CORP,6,25,4.17,25740,88.88
51004794,MATERIAL-MASTERS LIMITED,9,25,2.78,25765,88.97
51004786,INNOVAPPTIVE INC,9,25,2.78,25790,89.05
51004887,MP&A INC,11,24,2.18,25814,89.14
51004795,JORGE DIAZ,15,24,1.6,25838,89.22
51005030,PRO-SAPIEN SOFTWARE LTD,7,24,3.43,25862,89.3
51003948,TRANE US INC,14,24,1.71,25886,89.39
51004312,DEGROFF PROCESS EQUIPMENT CO,10,23,2.3,25909,89.46
51004514,PRATER INDUSTRIES INC,6,23,3.83,25932,89.54
51004633,"HARGROVE AND ASSOCIATES, INC",9,23,2.56,25955,89.62
51004151,MEDPRO WASTE DISPOSAL LLC,14,23,1.64,25978,89.7
51004108,EXPERITEC INC,8,23,2.88,26001,89.78
51004202,ONESTREAM SOFTWARE LLC,10,23,2.3,26024,89.86
51003909,TTL INC,8,23,2.88,26047,89.94
51005005,REMITCO LLC,5,22,4.4,26069,90.02
51004503,BETE FOG NOZZLE INC,6,22,3.67,26091,90.09
51004220,HURRICANE ELECTRIC LLC,8,22,2.75,26113,90.17
51004088,QUICKBLADES INC,9,22,2.44,26135,90.25
51003968,KNOELL USA LLC,5,22,4.4,26157,90.32
51004159,AMETEK BROOKFIELD,4,22,5.5,26179,90.4
51004165,WHITTINGTON OFFICE FURNITURE LLC,3,22,7.33,26201,90.47
51004555,BAKER GULF COAST INDUSTRIAL,5,22,4.4,26223,90.55
51004376,JACKSON MECHANICAL SERVICE INC,13,22,1.69,26245,90.62
51004292,P AND S CLINIC OB-GYN PLLC,8,22,2.75,26267,90.7
51004719,GTT AMERICAS LLC,7,21,3.0,26288,90.77
51004647,INTREPID INDUSTRIES INC,6,21,3.5,26309,90.85
51004319,THOMSON REUTERS TAX & ACCOUNTING,5,21,4.2,26330,90.92
51004725,HOWDEN USA COMPANY,4,21,5.25,26351,90.99
51004266,COLUMBIA PSI LLC,6,21,3.5,26372,91.06
51004835,"DESCARTES U.S. HOLDINQS, INC.",11,21,1.91,26393,91.14
51004314,COOK COMPRESSION,9,21,2.33,26414,91.21
51004862,ALLIANCE MAINTENANCE INC.,9,21,2.33,26435,91.28
51004007,PROCESS & POWER INC,9,21,2.33,26456,91.35
51005098,PERKINELMER U.S. LLC,5,20,4.0,26476,91.42
51004746,ADVANCED ELECTRONIC SERVICE INC,3,20,6.67,26496,91.49
51004866,INDUSCO LLC,4,20,5.0,26516,91.56
51005102,HUBHEAD CORP.,7,20,2.86,26536,91.63
51004094,THE EDWARD ORTON JR CERAMIC FOUND,5,20,4.0,26556,91.7
51005200,SHERMCO INDUSTRIES INC (1009482),6,20,3.33,26576,91.77
51004861,TRUNDL LABS,6,20,3.33,26596,91.84
51004072,TYCO FIRE & SECURITY (US) MGMT INC,2,20,10.0,26616,91.91
51004422,ANV INC,8,19,2.38,26635,91.97
51004608,INSIGHT DIRECT USA INC,6,19,3.17,26654,92.04
51004356,MALVERN PANALYTICAL INC,6,19,3.17,26673,92.1
51004724,ANTON PAAR USA INC,2,19,9.5,26692,92.17
51004069,SETPOINT INTEGRATED SOLUTIONS INC,9,19,2.11,26711,92.23
51003940,TENN-PLAST INC,11,19,1.73,26730,92.3
51004526,NETFORTRIS ACQUISITION CO INC,6,18,3.0,26748,92.36
51004134,PACE ANALYTICAL ENERGY SERVICES LLC,3,18,6.0,26766,92.42
51004652,OMNIE SOLUTIONS (I) PVT LTD,4,18,4.5,26784,92.49
51004190,HUGG AND HALL EQUIPMENT COMPANY,6,18,3.0,26802,92.55
51003874,ASHLEY G CULLUM III,7,18,2.57,26820,92.61
51004494,CMG PROCESS INC,2,17,8.5,26837,92.67
51005093,LEVEL 3 COMMUNICATIONS LLC,5,17,3.4,26854,92.73
51004111,COLUMBUS FENCE CO LLC,6,17,2.83,26871,92.79
51004362,LOFTWARE INC,5,17,3.4,26888,92.85
51003900,P&M AUTOMATIC FIRE PROTECTION INC,12,17,1.42,26905,92.9
51003975,PRECISION HOSE AND INDUSTRIAL SUPPL,16,17,1.06,26922,92.96
51004626,WEIDENHAMMER SYSTEMS CORPORATION,7,17,2.43,26939,93.02
51004136,APPLIED SOFTWARE TECHNOLOGY INC,1,17,17.0,26956,93.08
51005033,"JOHN ELDER CONSULTING, LLC",8,16,2.0,26972,93.14
51003913,QUALITY PROCESS COMPONENTS INC.,9,16,1.78,26988,93.19
51003989,JOHNSON EQUIPMENT CO,6,16,2.67,27004,93.25
51004549,"SAM CARBIS SOLUTIONS, LLC",5,16,3.2,27020,93.3
51005031,ION GROUP,3,16,5.33,27036,93.36
51004799,"SPX FLOW US, LLC",5,16,3.2,27052,93.41
51004784,ARCHLYNK LLC,9,16,1.78,27068,93.47
51004631,EVERLASTING VALVE CO INC,4,16,4.0,27084,93.52
51004627,PLANT MAINTENANCE SERVICE CORP,4,16,4.0,27100,93.58
51004091,RITEWAY SHREDDING,9,15,1.67,27115,93.63
51003960,EQUINIX INC,8,15,1.88,27130,93.68
51005009,KPMG LLP,7,15,2.14,27145,93.73
51004323,JOHN H CARTER CO INC,7,15,2.14,27160,93.78
51004548,SHRIEVE CHEMICAL COMPANY INC,11,15,1.36,27175,93.84
51004193,ISN SOFTWARE CORPORATION,3,15,5.0,27190,93.89
51004415,MISSISSIPPI STATE DEPT OF HEALTH,3,15,5.0,27205,93.94
51004668,"FREDERIC W. COOK & CO., INC.",8,15,1.88,27220,93.99
51006076,"AKONA PROCESS SOLUTIONS, INC.",3,15,5.0,27235,94.04
51004622,PROMETHEUS GROUP ENTERPRISES LLC,3,15,5.0,27250,94.1
51001868,OPTIMAL AMERICAS LLC,7,14,2.0,27264,94.14
51004708,AVEVA SOFTWARE LLC,2,14,7.0,27278,94.19
51004325,DWIGHT W PROUTY COMPANY INC,5,14,2.8,27292,94.24
51004978,COGENT COMMUNICATIONS INC,5,14,2.8,27306,94.29
51003983,BRUKER AXS LLC,2,14,7.0,27320,94.34
51004302,UPS SUPPLY CHAIN SOLUTIONS,5,14,2.8,27334,94.39
51004033,PRECISION WIRE PRODUCTS,6,14,2.33,27348,94.43
51004653,BHS-LIFEBUX,6,14,2.33,27362,94.48
51003947,CENTRIFUGAL TECHOLOGIES INC,4,14,3.5,27376,94.53
51004539,SC H GROUP INC,3,14,4.67,27390,94.58
51004154,DELOITTE CONSULTING LLP,8,14,1.75,27404,94.63
51004208,GEA SYSTEMS NORTH AMERICA LLC,2,13,6.5,27417,94.67
51004335,VERNON MILLING CO INC,8,13,1.62,27430,94.72
51004397,ENVIRO-LABS INC,3,13,4.33,27443,94.76
51002690,WHITEHALL RESOURCES LTD,6,13,2.17,27456,94.81
51004650,S D MYERS LLC,4,13,3.25,27469,94.85
51003972,W W GRAINGER INC,6,13,2.17,27482,94.9
51004383,FIRETROL PROTECTION SYSTEMS INC,7,13,1.86,27495,94.94
51003924,COUPA SOFTWARE INC,5,12,2.4,27507,94.98
51004888,TECHIN PROCESS TECHNOLOGIES PVT. LT,4,12,3.0,27519,95.02
51004823,MACHINA SYSTEMS ( PTY ) LTD,6,12,2.0,27531,95.07
51004295,UL VERIFICATION SERVICES INC,5,12,2.4,27543,95.11
51004333,PENNIE J GREEN,3,12,4.0,27555,95.15
51004353,MEIJBURG & CO,4,12,3.0,27567,95.19
51004752,CLEAR EDGE FILTRATION INC,8,12,1.5,27579,95.23
51004677,RIVER LOGIC INC,4,12,3.0,27591,95.27
51004259,ZAYO GROUP HOLDINGS INC,5,12,2.4,27603,95.31
51004855,"MIDWEST COOLING TOWER SERVICES, LLC",8,12,1.5,27615,95.36
51004870,"ANDRESS ENGINEERING ASSOCIATES ,INC",8,12,1.5,27627,95.4
51004476,GULBRANDSEN CO INC,5,11,2.2,27638,95.44
51003876,ROBERT J YOUNG COMPANY INC,2,11,5.5,27649,95.47
51005073,"JACO MACHINE, LLC",2,11,5.5,27660,95.51
51004879,"SOUTHERN TOOLING & MACHINE WORKS, I",7,11,1.57,27671,95.55
51003879,"FLUID ENGINEERING, INC",3,11,3.67,27682,95.59
51005125,WABASH METAL PRODUCTS INC.,4,11,2.75,27693,95.62
51004747,"MAK ENGINEERING, LLC",3,11,3.67,27704,95.66
51005218,SECURE IMPLEMENTATION SERVICES LTD,4,11,2.75,27715,95.7
51004318,COOPER MARINE & TIMBERLANDS CORP,3,11,3.67,27726,95.74
51004844,"TRUMBO, INC.",3,10,3.33,27736,95.77
51004654,AIRDUSCO INC,6,10,1.67,27746,95.81
51006057,"CONCUR TECHNOLOGIES, INC.",5,10,2.0,27756,95.84
51004735,"INSIGHTSOFTWARE, LLC",4,10,2.5,27766,95.88
51004596,QIANG WANG,8,10,1.25,27776,95.91
51000400,RATH REFRACTORIES INC,6,10,1.67,27786,95.95
51003993,BLOCKER & WALLACE SERVICE LLC,2,10,5.0,27796,95.98
51004051,PREMIER LAB SUPPLY INC,3,10,3.33,27806,96.02
51004008,ELECTRIC MOTOR SALES & SERVICE,5,10,2.0,27816,96.05
51004075,TRINOVA INC,4,10,2.5,27826,96.08
51004204,UPPEREDGE LLC,2,10,5.0,27836,96.12
51004053,CUSTOM ADVANCED CONNECTIONS,3,10,3.33,27846,96.15
51004994,TIPMC SOLUTIONS LLC,5,9,1.8,27855,96.18
51004990,NASDAQ INC,5,9,1.8,27864,96.22
51004914,O BRIEN EQUIPMENT INC_286380,3,9,3.0,27873,96.25
51003979,TRANS UTILITY SERVICES,2,9,4.5,27882,96.28
51004505,SEFAR FILTRATION INC,3,9,3.0,27891,96.31
51003738,DAYFORCE AUSTRALIA PTY. LTD,5,9,1.8,27900,96.34
51004854,CABLEVISION LIGHTPATH LLC,6,9,1.5,27909,96.37
51004492,TSB LOSS CONTROL CONSULTANTS INC,1,9,9.0,27918,96.4
51003967,UPS CAPITAL INSURANCE AGENCY,5,9,1.8,27927,96.43
51004818,TLC TECHNOLOGIES INC,5,9,1.8,27936,96.46
51003879,FLUID ENGINEERING INC,7,9,1.29,27945,96.5
51004773,"BURNS DIRT CONSTRUCTION, INC.",3,9,3.0,27954,96.53
51004282,BFP ENTERPRISES LLC,1,9,9.0,27963,96.56
51004686,FORTIN CAPITAL INC.,4,9,2.25,27972,96.59
51001900,DCM SHRIRAM LTD,6,9,1.5,27981,96.62
51004729,"EXPONENTIAL POWER, INC.",4,9,2.25,27990,96.65
51004595,JOSE PASILLAS,8,9,1.12,27999,96.68
51005078,AUBURN FILTERSENSE LLC,1,9,9.0,28008,96.71
51003943,KAUFMAN ENGINEERED SYSTEMS INC,4,9,2.25,28017,96.74
51005081,ATLASSIAN PTY LTD,2,9,4.5,28026,96.77
51005087,"ASSOCIATED PACKAGING, INC.",1,9,9.0,28035,96.81
51004853,"AIR CAPITAL EQUIPMENT, INC.",3,8,2.67,28043,96.83
51003302,FORGE WORKS,3,8,2.67,28051,96.86
51004583,ROTATING MACHINERY SERVICES INC,2,8,4.0,28059,96.89
51004004,BLUFF CITY DISTIBUTING CO INC,3,8,2.67,28067,96.92
51004023,HAMMOND AND HAMMOND,2,8,4.0,28075,96.94
51004816,CONNECTOR SPECIALISTS INC,2,8,4.0,28083,96.97
51004398,EUREKA WATER CO,2,8,4.0,28091,97.0
51005162,COMBUSTION & CONTROLS LLC,2,8,4.0,28099,97.03
51004839,KT-GRANT INC,3,8,2.67,28107,97.05
51004566,LAMBDA GROUP LIMITED,2,8,4.0,28115,97.08
51003927,TEAM INDUSTRIAL SERVICES INC,6,8,1.33,28123,97.11
51004085,SYMMETRY ENERGY SOLUTIONS LLC,4,8,2.0,28131,97.14
51004949,FUJITSU AUSTRALIA LIMITED,4,8,2.0,28139,97.17
51004052,FLUKE ELECTRONICS CORP,3,8,2.67,28147,97.19
51003996,DYNAMIC AIR INC,2,8,4.0,28155,97.22
51004061,SERVOMEX CO INC,3,8,2.67,28163,97.25
51003920,CURTIS OPTOMETRY GROUP PLLC,5,8,1.6,28171,97.28
51004894,JAY INDUSTRIAL REPAIR INC.,1,8,8.0,28179,97.3
51003916,HACH COMPANY,4,8,2.0,28187,97.33
51003981,EML LLC,2,7,3.5,28194,97.35
51003893,JM TEST SYSTEMS INC,1,7,7.0,28201,97.38
51005023,SONICS & MATERIALS INC,2,7,3.5,28208,97.4
51006062,"DEKRA CERTIFICATION, INC",1,7,7.0,28215,97.43
51004768,ONE IDENTITY LLC,1,7,7.0,28222,97.45
51004250,SHAWVER AND SON INC,1,7,7.0,28229,97.48
51005059,"PETROQUIMICA MEXICANA DE VINILO, S.",6,7,1.17,28236,97.5
51004222,WORKIVA INC,2,7,3.5,28243,97.52
51004803,AMERICAN TESTING LABORATORY INC.,3,7,2.33,28250,97.55
51003654,CHEMPRO INSPECTIONS PRIVATE LIMITED,1,7,7.0,28257,97.57
51004157,CHRISTY CATALYTICS LLC,3,7,2.33,28264,97.6
51004582,DREWRY SHIPPING CONSULTANTS LTD,1,7,7.0,28271,97.62
51004931,INTEGRATED SYSTEMS & SERVICES INC,2,7,3.5,28278,97.65
51004150,CONTINENTAL ENGINEERING & SURVEYING,3,7,2.33,28285,97.67
51004140,MEGA FORTRIS AMERICAS INC,1,7,7.0,28292,97.69
51004028,FISCHBEIN LLC,6,7,1.17,28299,97.72
51004137,FRANK MEGALE,3,7,2.33,28306,97.74
51005079,UBS FINANCIAL SERVICES,3,7,2.33,28313,97.77
51004032,ELECTRO-SENSORS INC,3,7,2.33,28320,97.79
51004859,SOFTWAREONE AUSTRALIA PTY LTD,1,7,7.0,28327,97.81
51004134,"PACE ANALYTICAL SERVICES, LLC",1,7,7.0,28334,97.84
51004053,CUSTOM ADVANCED CONNECTIONS INC,6,7,1.17,28341,97.86
51004005,LECO CORPORATION,1,7,7.0,28348,97.89
51004544,LYDONIA TECHNOLOGIES LLC,1,7,7.0,28355,97.91
51004488,TALX UCM SERVICES INC,3,7,2.33,28362,97.94
51003897,MID-SOUTH EXTREME PEST CONTROL LLC,1,7,7.0,28369,97.96
51004535,EUROFINS LANCASTER LABORATORIES,2,6,3.0,28375,97.98
51003958,BEYOND TRUST CORPORATION,2,6,3.0,28381,98.0
51004197,CHEROKEE INSTRUMENTS INC,3,6,2.0,28387,98.02
51004756,DIX & EATON INCORPORATED,3,6,2.0,28393,98.04
51005012,GOUDA REFRACTORIES BV,1,6,6.0,28399,98.06
51003890,ELECTRICAL TESTING & MAINTENANCE,2,6,3.0,28405,98.08
51004930,PRECISION MACHINE & METAL,3,6,2.0,28411,98.1
51004516,AMK GLASS,2,6,3.0,28417,98.12
51004621,"ENGINEERED SOFTWARE, LLC",1,6,6.0,28423,98.15
51003987,ULINE INC,3,6,2.0,28429,98.17
51004865,BRINKMANN INSTRUMENTS INC,1,6,6.0,28435,98.19
51004789,MORROW REPAIR SERVICES LLC,2,6,3.0,28441,98.21
51004836,IMCD US LLC,2,6,3.0,28447,98.23
51004289,THE LIGHT BRIGADE INC,2,6,3.0,28453,98.25
51004184,CPFD LLC,1,6,6.0,28459,98.27
51006036,UNITED ACOUSTICS,3,6,2.0,28465,98.29
51004341,FRANK L SCHULTZ,2,6,3.0,28471,98.31
51004311,TRIMBLE MAPS INC,2,6,3.0,28477,98.33
51005085,ILOBBY CORP.,1,6,6.0,28483,98.35
51004602,THE CARONDELET FOUNDRY CORP,4,6,1.5,28489,98.37
51004040,HI-VAC CORPORATION,2,6,3.0,28495,98.39
51005110,ACCENTURE INTERNATIONAL LIMITED,2,6,3.0,28501,98.42
51004593,ANTHONY M NIZNIK,2,5,2.5,28506,98.43
51004838,"JOHN ZINK COMPANY, LLC",3,5,1.67,28511,98.45
51006090,TJM CONSULTING SERVICES,2,5,2.5,28516,98.47
51004848,MIDWESTERN INDUSTRIES INC,1,5,5.0,28521,98.48
51004589,FOX VALVE DEVELOPMENT CORP,1,5,5.0,28526,98.5
51004009,MENARDI LLC,1,5,5.0,28531,98.52
51004127,PDMA CORPORATION,2,5,2.5,28536,98.54
51004867,"RISKONNECT, INC",1,5,5.0,28541,98.55
51003560,LINKEDIN SINGAPORE PTE LTD,1,5,5.0,28546,98.57
51005063,AMETEK CANADA LP,2,5,2.5,28551,98.59
51004102,AMERICAN COATINGS ASSOCIATION INC,1,5,5.0,28556,98.6
51002690,WHITEHALL RESOURCES LIMITED,4,5,1.25,28561,98.62
51005069,ENOVAPOINT UAB,4,5,1.25,28566,98.64
51005233,LAW OFFICES OF CHARLES T. SIMMONS L,1,5,5.0,28571,98.66
51004019,SEPOR INC,2,5,2.5,28576,98.67
51004933,"FAUSKE ASSOCIATES, A DIVISION OF ST",1,5,5.0,28581,98.69
51005168,"COLLINS COMBUSTION SERVICES, LLC",2,5,2.5,28586,98.71
51004638,AMETEK SOLIDSTATE CONTROLS,1,5,5.0,28591,98.73
51002340,NSF INTERNATIONAL,4,5,1.25,28596,98.74
51004558,SEATTLE BUSINESS SOFTWARE INC,1,5,5.0,28601,98.76
51004501,HCL AMERICA INC,1,5,5.0,28606,98.78
51004577,RED HAT INC,1,5,5.0,28611,98.79
51004715,NEXGEN CRANE AND RIGGING,4,5,1.25,28616,98.81
51004757,"EEI GROUP, LLC",3,5,1.67,28621,98.83
51004683,SEEQ CORPORATION,1,5,5.0,28626,98.85
51004655,VALMET FLOW CONTROLS,3,4,1.33,28630,98.86
51004321,PICKREN-CLARK LLC,1,4,4.0,28634,98.87
51004496,REDBRIDGE USA INC,2,4,2.0,28638,98.89
51004849,ACCENTURE LLP,1,4,4.0,28642,98.9
51004564,EMERALD TRANSFORMER MISSISSIPPI LLC,2,4,2.0,28646,98.92
51004573,M10 PROCESS EQUIPMENT INC,4,4,1.0,28650,98.93
51004684,CIRCUIT BREAKER SALES AND REPAIR LL,1,4,4.0,28654,98.94
51004143,RIGHT MANAGEMENT INC,3,4,1.33,28658,98.96
51004704,"PROLEC-GE WAUKESHA, INC.",1,4,4.0,28662,98.97
51004745,"RAVAGO CHEMICAL DISTRIBUTION, INC.",2,4,2.0,28666,98.98
51004541,METSO MINERALS INDUSTRIES INC,1,4,4.0,28670,99.0
51005146,FEATHERSTONE GROUP,1,4,4.0,28674,99.01
51005142,GARY DANDREAUX,1,4,4.0,28678,99.03
51004727,"SUMMIT REFRIGERANTS, LLC",2,4,2.0,28682,99.04
51005039,XRF SCIENTIFIC AMERICAS INC,1,4,4.0,28686,99.05
51004080,STRICKLAND COMPANIES,2,4,2.0,28690,99.07
51002631,TZ MINERALS INTERNATIONAL PTY LTD,2,4,2.0,28694,99.08
51004973,"OURAY ENVIRONMENTAL SERVICES, LLC",1,4,4.0,28698,99.1
51004059,MINITAB LLC,1,4,4.0,28702,99.11
51006087,PULSAIR SYSTEMS INC,3,4,1.33,28706,99.12
51004537,SUPPLY CHAIN PARTNER INC,3,4,1.33,28710,99.14
51004407,EMERGENCY EQUIPMENT PROFESSIONALS,2,4,2.0,28714,99.15
51004258,NORTH MISSISSIPPI EMS AUTHORITY,2,4,2.0,28718,99.16
51004104,VERANTIS CORPORATION,1,4,4.0,28722,99.18
51004676,NATIONAL BULK EQUIPMENT,1,4,4.0,28726,99.19
51004080,STRICKLAND PAPER COMPANY INC.,4,4,1.0,28730,99.21
51004644,"SPIROFLOW SYSTEMS, INC",1,3,3.0,28733,99.22
51004609,S&P GLOBAL INCS&P GLOBAL PLATTS,1,3,3.0,28736,99.23
51004646,ABERDEEN JANITORIAL SERVICE INC,1,3,3.0,28739,99.24
51004619,MYSITE DESIGN PTY LTD,1,3,3.0,28742,99.25
51003982,PRECISION COMPUTER SERVICES INC,1,3,3.0,28745,99.26
51004079,PRESIDIO NETWORKED SOLUTIONS INC,1,3,3.0,28748,99.27
51004543,ERNST & YOUNG LLP,1,3,3.0,28751,99.28
51004274,ABC EQUIPMENT INC,1,3,3.0,28754,99.29
51003884,ATLAS COPCO COMPRESSOR LLC,1,3,3.0,28757,99.3
51001541,IQVIA,1,3,3.0,28760,99.31
51005043,PREMIER TECH TECHNOLOGIES LTD,1,3,3.0,28763,99.32
51004945,KORN FERRY (US),1,3,3.0,28766,99.33
51004692,PARK PLACE TECHNOLOGIES LIMITED,1,3,3.0,28769,99.34
51003957,CENTURY CONSTRUCTION GROUP INC,1,3,3.0,28772,99.35
51003997,BARRY G MOUNCE,2,3,1.5,28775,99.36
51003998,APPLIED INDUSTRIAL TECHNOLOGIES,3,3,1.0,28778,99.37
51005011,BAI CHUAN INFO CO LTD,1,3,3.0,28781,99.38
51004695,FLIPNODE LLC,1,3,3.0,28784,99.39
51004499,H & M CONSTRUCTION COMPANY LLC,2,3,1.5,28787,99.4
51005212,ADAMAS INTELLIGENCE,1,3,3.0,28790,99.41
51004128,INTERNATIONAL SOS ASSISTANCE INC,1,3,3.0,28793,99.42
51004802,REDOX INC.,1,3,3.0,28796,99.43
51004673,SOFTWAREONE INC.,1,3,3.0,28799,99.44
51004174,INTERACT INTRANET INC,1,3,3.0,28802,99.45
51003903,SALESFORCE.COM INC,1,3,3.0,28805,99.46
51006083,EFESO MANAGEMENT CONSULTANTS BV,1,3,3.0,28808,99.48
51004211,ENVIRONMENTAL RESOURCES ASSOCIATES,2,3,1.5,28811,99.49
51006052,JP MCCOY & COMPANY LLC,3,3,1.0,28814,99.5
51004014,COMPRESSORS & TOOLS INC,3,3,1.0,28817,99.51
51004790,COPERION PROCESS SOLUTIONS LLC,2,3,1.5,28820,99.52
51003911,SPECTRUM USA INC,1,3,3.0,28823,99.53
51005191,"ALL GUTTERS, SIDING AND WINDOWS LLC",1,3,3.0,28826,99.54
51004283,OPTIMA CONSULTING LLC,2,3,1.5,28829,99.55
51004109,BAREFIELD WORKPLACE SOLUTIONS INC,2,3,1.5,28832,99.56
51003932,HAMILTON AUTO PARTS & SUPPLY INC,1,3,3.0,28835,99.57
51004030,THE ESHELMAN CO INC,1,3,3.0,28838,99.58
51004730,ACSIS INC,2,3,1.5,28841,99.59
51004248,KNOWBE4 INC,1,3,3.0,28844,99.6
51005120,SKYDIO INC,1,3,3.0,28847,99.61
51001253,SAFETY WISE,1,2,2.0,28849,99.62
51004741,CCH INCORPORATED,1,2,2.0,28851,99.62
51006120,PATCH OF HEAVEN FARMS VENUE,2,2,1.0,28853,99.63
51004733,MIRION TECHNOLOGIES GDS INC.,1,2,2.0,28855,99.64
51005015,ANALYTICE SARL,1,2,2.0,28857,99.64
51004576,ELITE PLACEMENT GROUP,1,2,2.0,28859,99.65
51004332,AMERICAN CHEMISTRY COUNCIL,1,2,2.0,28861,99.66
51005035,CORITY SOFTWARE INC,1,2,2.0,28863,99.67
51004743,EXACTERA INC,1,2,2.0,28865,99.67
51005840,VALMET INC,1,2,2.0,28867,99.68
51005141,"UNION SPECIALTIES, INC.",1,2,2.0,28869,99.69
51004563,ISG TECHNOLOGY INC,1,2,2.0,28871,99.69
51004002,BACT PROCESS SYSTEMS INC,2,2,1.0,28873,99.7
51004710,ENVIRONMENTAL ENTERPRISES USA INC,1,2,2.0,28875,99.71
51003806,DECISIONPOINT TECHNOLOGIES INC,2,2,1.0,28877,99.71
51001035,BLASCH PRECISION CERAMICS,1,2,2.0,28879,99.72
51004135,CHEMCO SYSTEMS LP,1,2,2.0,28881,99.73
51004659,ENERCON SERVICES INC.,1,2,2.0,28883,99.73
51004852,DIGI SECURITY SYSTEMS LLC,1,2,2.0,28885,99.74
51004846,BLACKMON AGENCY INC,1,2,2.0,28887,99.75
51004868,"GP STRATEGIES GOVERNMENT SOLUTIONS,",1,2,2.0,28889,99.75
51004116,GOODWAY TECHNOLOGIES CORPORATION,1,2,2.0,28891,99.76
51004115,MARINE INSPECTION LLC,1,2,2.0,28893,99.77
51003888,DROPBOX INC,1,2,2.0,28895,99.78
51003602,ISOGRAPH LIMITED,1,2,2.0,28897,99.78
51004778,VIBRA SCREW INCORPORATED,1,2,2.0,28899,99.79
51004100,THERMO ELECTON NORTH AMERICA LLC,1,2,2.0,28901,99.8
51004098,POWELL ELECTRIC SYSTEMS INC,1,2,2.0,28903,99.8
51004897,EVOQUA WATER TECHOLOGIES LLC,1,2,2.0,28905,99.81
51004904,"REDVECTOR.COM, LLC",1,2,2.0,28907,99.82
51003961,UNIVERSITY OF MARYLAND COLLEGE PARK,1,2,2.0,28909,99.82
51004273,CORYELL ROOFING AND,1,2,2.0,28911,99.83
51004380,PROPARK INC,1,2,2.0,28913,99.84
51004076,EMPLOYMENT ADVISORY SERVICES INC,1,2,2.0,28915,99.84
51004160,ISOTEK LABORATORIES LLC,1,2,2.0,28917,99.85
51003913,AFTERMARKET XPLORER LLC,2,2,1.0,28919,99.86
51004834,VERTIV CORPORATION,1,2,2.0,28921,99.87
51004928,CENTRALERT INC.,1,2,2.0,28923,99.87
51004077,LIBERTY OCCUPATIONAL HEALTH,1,2,2.0,28925,99.88
51003906,W L GORE AND ASSOCIATES INC,1,2,2.0,28927,99.89
51004360,METTLER-TOLEDO INTL INC,1,1,1.0,28928,99.89
51004830,RARE EARTH SALTS SEPARATIONS & REFI,1,1,1.0,28929,99.89
51006077,AIM CONSTRUCTION CORPORATION,1,1,1.0,28930,99.9
51004237,F3 TECHNOLOGY PARTNERS LLC,1,1,1.0,28931,99.9
51004408,THE AYCO COMPANY LP,1,1,1.0,28932,99.9
51005670,"REVVITY SIGNALS SOFTWARE, INC.",1,1,1.0,28933,99.91
51003870,MEMCON (PTY) LTD,1,1,1.0,28934,99.91
51004374,WATERS TRUCK & TRACTOR CO INC,1,1,1.0,28935,99.91
51004325,DWIGHT W PROUTY CO INC,1,1,1.0,28936,99.92
51004721,NAVAN INC,1,1,1.0,28937,99.92
51004493,"MONDI BAGS USA, LLC",1,1,1.0,28938,99.92
51004666,"NOL-TEC SYSTEMS, INC.",1,1,1.0,28939,99.93
51004524,SOVOS COMPLIANCE LLC,1,1,1.0,28940,99.93
51004597,PRESTON GUERRA,1,1,1.0,28941,99.93
51004864,"AMERICAN PUMP & MACHINE WORKS, INC",1,1,1.0,28942,99.94
51004060,ANDRITZ SEPARATION INC,1,1,1.0,28943,99.94
51005032,ZOHO CORPORATION,1,1,1.0,28944,99.94
51004054,BILMAR CNC INC,1,1,1.0,28945,99.95
51004808,THE BABCOCK & WILCOX COMPANY,1,1,1.0,28946,99.95
51004938,PUMPS PARTS & SERVICE INC,1,1,1.0,28947,99.96
51005051,BEASLEY INSULATION INC,1,1,1.0,28948,99.96
51004287,PONDS RX OK LLC,1,1,1.0,28949,99.96
51003985,WESTON SOLUTIONS INC,1,1,1.0,28950,99.97
51001750,KWA KENWALT AUSTRALIA PTY LTD,1,1,1.0,28951,99.97
51003923,KLINKAU AMERICA INC,1,1,1.0,28952,99.97
51004086,JEOL USA INC,1,1,1.0,28953,99.98
51004092,LABWARE INC,1,1,1.0,28954,99.98
51004354,SPRAYING SYSTEMS CO,1,1,1.0,28955,99.98
51004110,AMBROSE SALES INC,1,1,1.0,28956,99.99
51004035,CEM HOLDINGS CORPORATION,1,1,1.0,28957,99.99
51004369,"SOUTHEAST CRANE INSPECTIONS, LLC",1,1,1.0,28958,99.99
51004373,TENCARVA MACHINERY CO,1,1,1.0,28959,100.0
51004806,MICROTRAC INC,1,1,1.0,28960,100.0
